INSERT INTO t_user (id, nickname, username, password, create_time, last_modified_time, group_id, enable) VALUES (1, '超级管理员', 'admin', '123456', null, null, 1, 1);
INSERT INTO t_user_role (user_id, role_id) VALUES (1, 1);
INSERT INTO t_role (id, name, description, enable) VALUES (1, 'admin', '超级管理员', 1);

INSERT INTO t_resource (name, description, enable) VALUES ('user', '用户', 1);
INSERT INTO t_resource (name, description, enable) VALUES ('role', '角色', 1);
INSERT INTO t_resource (name, description, enable) VALUES ('permission', '权限', 1);
INSERT INTO t_resource (name, description, enable) VALUES ('resource', '资源', 1);
INSERT INTO t_resource (name, description, enable) VALUES ('group', '组', 1);
INSERT INTO t_resource (name, description, enable) VALUES ('job', '定时任务', 1);
INSERT INTO t_resource (name, description, enable) VALUES ('job_log', '任务日志', 1);
INSERT INTO t_resource (name, description, enable) VALUES ('job_execution', '执行计划', 1);
INSERT INTO t_resource (name, description, enable) VALUES ('dict', '数据字典', 1);
INSERT INTO t_resource (name, description, enable) VALUES ('audit_log', '审计日志', 1);

INSERT INTO t_permission (name, description, enable) VALUES ('detail', '获取详情', 1);
INSERT INTO t_permission (name, description, enable) VALUES ('page', '分页查询', 1);
INSERT INTO t_permission (name, description, enable) VALUES ('create', '创建', 1);
INSERT INTO t_permission (name, description, enable) VALUES ('update', '更新', 1);
INSERT INTO t_permission (name, description, enable) VALUES ('delete', '删除', 1);
INSERT INTO t_permission (name, description, enable) VALUES ('get_all', '获取所有信息记录', 1);
INSERT INTO t_permission (name, description, enable) VALUES ('refresh', '刷新', 1);
INSERT INTO t_permission (name, description, enable) VALUES ('refresh_all', '整体刷新', 1);
INSERT INTO t_permission (name, description, enable) VALUES ('statistic', '统计', 1);

INSERT INTO t_resource_permission(resource,permission,uri) VALUES ('user','detail','/user/detail');
INSERT INTO t_resource_permission(resource,permission,uri) VALUES ('user','page','/user/page');
INSERT INTO t_resource_permission(resource,permission,uri) VALUES ('user','create','/user/create');
INSERT INTO t_resource_permission(resource,permission,uri) VALUES ('user','update','/user/update');
INSERT INTO t_resource_permission(resource,permission,uri) VALUES ('user','delete','/user/delete');
INSERT INTO t_resource_permission(resource,permission,uri) VALUES ('role','get_all','/role/get_all');
INSERT INTO t_resource_permission(resource,permission,uri) VALUES ('role','page','/role/page');
INSERT INTO t_resource_permission(resource,permission,uri) VALUES ('role','create','/role/create');
INSERT INTO t_resource_permission(resource,permission,uri) VALUES ('role','update','/role/update');
INSERT INTO t_resource_permission(resource,permission,uri) VALUES ('role','delete','/role/delete');
INSERT INTO t_resource_permission(resource,permission,uri) VALUES ('role','detail','/role/detail');
INSERT INTO t_resource_permission(resource,permission,uri) VALUES ('permission','get_all','/permission/get_all');
INSERT INTO t_resource_permission(resource,permission,uri) VALUES ('permission','page','/permission/page');
INSERT INTO t_resource_permission(resource,permission,uri) VALUES ('permission','create','/permission/create');
INSERT INTO t_resource_permission(resource,permission,uri) VALUES ('permission','update','/permission/update');
INSERT INTO t_resource_permission(resource,permission,uri) VALUES ('permission','delete','/permission/delete');
INSERT INTO t_resource_permission(resource,permission,uri) VALUES ('group','get_all','/group/get_all');
INSERT INTO t_resource_permission(resource,permission,uri) VALUES ('group','page','/group/page');
INSERT INTO t_resource_permission(resource,permission,uri) VALUES ('group','create','/group/create');
INSERT INTO t_resource_permission(resource,permission,uri) VALUES ('group','update','/group/update');
INSERT INTO t_resource_permission(resource,permission,uri) VALUES ('group','delete','/group/delete');
INSERT INTO t_resource_permission(resource,permission,uri) VALUES ('audit_log','page','/audit_log/page');
INSERT INTO t_resource_permission(resource,permission,uri) VALUES ('dict','page','/dict/page');
INSERT INTO t_resource_permission(resource,permission,uri) VALUES ('dict','create','/dict/create');
INSERT INTO t_resource_permission(resource,permission,uri) VALUES ('dict','update','/dict/update');
INSERT INTO t_resource_permission(resource,permission,uri) VALUES ('dict','delete','/dict/delete');
INSERT INTO t_resource_permission(resource,permission,uri) VALUES ('dict','refresh','/dict/refresh');
INSERT INTO t_resource_permission(resource,permission,uri) VALUES ('job','page','/job/page');
INSERT INTO t_resource_permission(resource,permission,uri) VALUES ('job','create','/job/create');
INSERT INTO t_resource_permission(resource,permission,uri) VALUES ('job','update','/job/update');
INSERT INTO t_resource_permission(resource,permission,uri) VALUES ('job','delete','/job/delete');
INSERT INTO t_resource_permission(resource,permission,uri) VALUES ('job','get_all','/job/get_all');
INSERT INTO t_resource_permission(resource,permission,uri) VALUES ('job_log','page','/job/log/page');
INSERT INTO t_resource_permission(resource,permission,uri) VALUES ('job_execution','page','/job/execution/page');
INSERT INTO t_resource_permission(resource,permission,uri) VALUES ('job_execution','refresh','/job/execution/refresh');
INSERT INTO t_resource_permission(resource,permission,uri) VALUES ('job_execution','refresh_all','/job/execution/refresh_all');
INSERT INTO t_resource_permission(resource,permission,uri) VALUES ('job_execution','create','/job/execution/create');
INSERT INTO t_resource_permission(resource,permission,uri) VALUES ('job_execution','update','/job/execution/update');
INSERT INTO t_resource_permission(resource,permission,uri) VALUES ('job_execution','delete','/job/execution/delete');
INSERT INTO t_resource_permission(resource,permission,uri) VALUES ('job_execution','statistic','/job/execution/statistic');

INSERT INTO t_role_resource_permission(role_id,resource,permission) VALUES (1,'user','detail');
INSERT INTO t_role_resource_permission(role_id,resource,permission) VALUES (1,'user','page');
INSERT INTO t_role_resource_permission(role_id,resource,permission) VALUES (1,'user','create');
INSERT INTO t_role_resource_permission(role_id,resource,permission) VALUES (1,'user','update');
INSERT INTO t_role_resource_permission(role_id,resource,permission) VALUES (1,'user','delete');
INSERT INTO t_role_resource_permission(role_id,resource,permission) VALUES (1,'role','get_all');
INSERT INTO t_role_resource_permission(role_id,resource,permission) VALUES (1,'role','page');
INSERT INTO t_role_resource_permission(role_id,resource,permission) VALUES (1,'role','create');
INSERT INTO t_role_resource_permission(role_id,resource,permission) VALUES (1,'role','update');
INSERT INTO t_role_resource_permission(role_id,resource,permission) VALUES (1,'role','delete');
INSERT INTO t_role_resource_permission(role_id,resource,permission) VALUES (1,'role','detail');
INSERT INTO t_role_resource_permission(role_id,resource,permission) VALUES (1,'permission','get_all');
INSERT INTO t_role_resource_permission(role_id,resource,permission) VALUES (1,'permission','page');
INSERT INTO t_role_resource_permission(role_id,resource,permission) VALUES (1,'permission','create');
INSERT INTO t_role_resource_permission(role_id,resource,permission) VALUES (1,'permission','update');
INSERT INTO t_role_resource_permission(role_id,resource,permission) VALUES (1,'permission','delete');
INSERT INTO t_role_resource_permission(role_id,resource,permission) VALUES (1,'group','get_all');
INSERT INTO t_role_resource_permission(role_id,resource,permission) VALUES (1,'group','page');
INSERT INTO t_role_resource_permission(role_id,resource,permission) VALUES (1,'group','create');
INSERT INTO t_role_resource_permission(role_id,resource,permission) VALUES (1,'group','update');
INSERT INTO t_role_resource_permission(role_id,resource,permission) VALUES (1,'group','delete');
INSERT INTO t_role_resource_permission(role_id,resource,permission) VALUES (1,'audit_log','page');
INSERT INTO t_role_resource_permission(role_id,resource,permission) VALUES (1,'dict','page');
INSERT INTO t_role_resource_permission(role_id,resource,permission) VALUES (1,'dict','create');
INSERT INTO t_role_resource_permission(role_id,resource,permission) VALUES (1,'dict','update');
INSERT INTO t_role_resource_permission(role_id,resource,permission) VALUES (1,'dict','delete');
INSERT INTO t_role_resource_permission(role_id,resource,permission) VALUES (1,'dict','refresh');
INSERT INTO t_role_resource_permission(role_id,resource,permission) VALUES (1,'job','page');
INSERT INTO t_role_resource_permission(role_id,resource,permission) VALUES (1,'job','create');
INSERT INTO t_role_resource_permission(role_id,resource,permission) VALUES (1,'job','update');
INSERT INTO t_role_resource_permission(role_id,resource,permission) VALUES (1,'job','delete');
INSERT INTO t_role_resource_permission(role_id,resource,permission) VALUES (1,'job','get_all');
INSERT INTO t_role_resource_permission(role_id,resource,permission) VALUES (1,'job_log','page');
INSERT INTO t_role_resource_permission(role_id,resource,permission) VALUES (1,'job_execution','page');
INSERT INTO t_role_resource_permission(role_id,resource,permission) VALUES (1,'job_execution','refresh');
INSERT INTO t_role_resource_permission(role_id,resource,permission) VALUES (1,'job_execution','refresh_all');
INSERT INTO t_role_resource_permission(role_id,resource,permission) VALUES (1,'job_execution','create');
INSERT INTO t_role_resource_permission(role_id,resource,permission) VALUES (1,'job_execution','update');
INSERT INTO t_role_resource_permission(role_id,resource,permission) VALUES (1,'job_execution','delete');
INSERT INTO t_role_resource_permission(role_id,resource,permission) VALUES (1,'job_execution','statistic');

INSERT INTO t_dict (id, key0, value, description, enable) VALUES (1, 'test', 'test_value', '这是用于测试', 1);
INSERT INTO t_dict (id, key0, value, description, enable) VALUES (2, 'test_msg', '这是测试消息', '这是测试消息', 1);
INSERT INTO t_dict (id, key0, value, description, enable) VALUES (3, 'sys_notify_enable', 'true', '系统通知', 0);
INSERT INTO t_dict (id, key0, value, description, enable) VALUES (4, '127.0.0.1:9091', 'http://127.0.0.1:9091/actuator/prometheus', '本机状态监控信息', 1);
INSERT INTO t_dict (id, key0, value, description, enable) VALUES (5, 'apps_ip_port', '["127.0.0.1:9091"]', '应用服务器监控端口列表', 1);

INSERT INTO t_group (id, name, description, parent_id, enable) VALUES (1, 'root', '总部', null, 1);
INSERT INTO t_group (id, name, description, parent_id, enable) VALUES (2, 'sh_1', '上海分部1', 1, 1);
INSERT INTO t_group (id, name, description, parent_id, enable) VALUES (3, 'sh_2', '上海分部2', 1, 1);
INSERT INTO t_group (id, name, description, parent_id, enable) VALUES (4, 'mh_1', '闵行分部1', 2, 1);
INSERT INTO t_group (id, name, description, parent_id, enable) VALUES (5, 'mh_2', '闵行分部2', 2, 1);

INSERT INTO t_timer_job (id, class_name, name, description, group_id) VALUES ('4d7f14ed-bdf7-4bde-b5a3-54bb1986fa36', 'com.php25.qiuqiu.admin.job.SystemMonitorInfoPrintJob', 'per_minute_sys_monitor', '每分钟系统监控', 1);
INSERT INTO t_timer_job (id, class_name, name, description, group_id) VALUES ('c0408b9d-cb6f-49e9-8bb2-93ed033d4267', 'com.php25.qiuqiu.admin.job.SystemNotifyJob', 'sys_notify', '系统通知', 1);
INSERT INTO t_timer_job (id, class_name, name, description, group_id) VALUES ('d8d0c2e7-e93b-46ef-88b2-8e2d52782185', 'com.php25.qiuqiu.admin.job.NotifyTextJob', 'common_text_notify', '普通文本通知', 4);

